{
  "cacheBootResources": true,
  "config": [
    "appsettings.json"
  ],
  "debugBuild": false,
  "entryAssembly": "BlazorApp",
  "linkerEnabled": true,
  "resources": {
    "assembly": {
      "BlazorApp.dll": "sha256-Z8omuszl7+eibimQ9iZuk9HZuU+AUuNFSgLK48yuYbE=",
      "Microsoft.AspNetCore.Authorization.dll": "sha256-bVz5r7HaQF7dDsNaL+7xOZJ5dBNZNtgJDtL5CbE2tno=",
      "Microsoft.AspNetCore.Components.dll": "sha256-gVkAzk+gywHyEMO9DzgQodjSlQPxG0pRO3rcBBCFDGk=",
      "Microsoft.AspNetCore.Components.Forms.dll": "sha256-49mj66v+cIxfoFTPxZNBVzCKWU8q0+v7YTOfe1CbhXA=",
      "Microsoft.AspNetCore.Components.Web.dll": "sha256-NVH03ftgCwM4mFEF0vsvsAx\/2A1nQdsh3M2DbN2BLYQ=",
      "Microsoft.AspNetCore.Components.WebAssembly.dll": "sha256-DTQa4mgWG59XtbfPjlfl87pFrbWuNlaTHp3QH1H7UcQ=",
      "Microsoft.AspNetCore.Metadata.dll": "sha256-+msBp+wwUUknKfkxwiomgneKRfIZXHpLg+nLCgQY\/ZQ=",
      "Microsoft.Bcl.AsyncInterfaces.dll": "sha256-OBWh2or+2mU6elwqPfmL72FBZVKl2WzTJ4L\/IrKeXM4=",
      "Microsoft.Extensions.Configuration.Abstractions.dll": "sha256-BWLO0A3qXY7S7MdAbW7tUMzGCqF6WqzEWYsRd1Rp75E=",
      "Microsoft.Extensions.Configuration.dll": "sha256-+dXMEFUO8j7hgSQpdZ5OYbtC4zelml8oztu5YCUYJWw=",
      "Microsoft.Extensions.Configuration.Json.dll": "sha256-qra\/73c+hiBCSwSrMjnS9IqcNecu6rmulNbmO45HvE4=",
      "Microsoft.Extensions.DependencyInjection.Abstractions.dll": "sha256-imQ7HBl2OlaBPvLcPWStWcwbCQuzMnSv8BFH2BDbEN0=",
      "Microsoft.Extensions.DependencyInjection.dll": "sha256-151qoM9mIqnFlkWJgPaBEGLT\/XbytFVVUkdM4qkiP74=",
      "Microsoft.Extensions.Logging.Abstractions.dll": "sha256-jLxxnbTiut8ONVijwzpHoI7NnitcitYbk8LR57n6RKo=",
      "Microsoft.Extensions.Logging.dll": "sha256-QX3nn\/UBlTfAdA9SRSdivuVndA2uHcNIAQHr1\/stzQ4=",
      "Microsoft.Extensions.Options.dll": "sha256-Z9R5\/TPsQDPGX+G2L0fjbpDdRg\/Ac9T9NYcatRTD1sY=",
      "Microsoft.Extensions.Primitives.dll": "sha256-frRcZiAywb4CTlWNraRqS3WeTQwWDbC6DFgTATLuEhw=",
      "Microsoft.JSInterop.dll": "sha256-eaZG6YsghWo2fCflSEUAZFkHB6+da\/HWrquthjUz3Xc=",
      "Microsoft.JSInterop.WebAssembly.dll": "sha256-czNf3btAeBW\/vvID5LAfgcsNZ+GM3ssVuPaMflcg0rs=",
      "Mono.Security.dll": "sha256-z65ikPRgtEehyW7nGr6d\/fMe9sfoWCW2R\/Gu6w+YatI=",
      "mscorlib.dll": "sha256-dTJpLjpQ5YI27ghge+4vUx8WFO2MBos7QUh1zzDoTws=",
      "netstandard.dll": "sha256-fuJE7+F7KXalUdTWrqyQg+7etgNvAjeW1YaLWf8NmvY=",
      "System.ComponentModel.DataAnnotations.dll": "sha256-VMV16xCwUxNZFwD3a4NYB+5ygFAu426lyoyKiNheNrI=",
      "System.Core.dll": "sha256-3COtF41GiBjyBFW8O59cVo32GwinnRBI6Qz+QTUj+b0=",
      "System.dll": "sha256-L1jtD5l0z4tGsydve9zJqF8qtMO6wBZ8cxaMueKDoDc=",
      "System.Net.Http.dll": "sha256-DpryiJ8AwfHeVtJw3sCZkt4rQIlq8sz0mFJgyWxeUA0=",
      "System.Net.Http.Json.dll": "sha256-c4sdhrmRPcnewU\/sMFT98OnehWE+3jSZKTcpNY9tojY=",
      "System.Net.Http.WebAssemblyHttpHandler.dll": "sha256-YqXMSJvxGZbErb3\/0OuUCezeBiR5QSkmUYHKN53kqEQ=",
      "System.Runtime.CompilerServices.Unsafe.dll": "sha256-5nGwleFOTuLZboj\/vgWVdTbpQYU6n1+3JyHN\/rCFp2I=",
      "System.Text.Encodings.Web.dll": "sha256-kLmYfGKXM+ktipeZuvzakaqHIx02talXz5n6TKFZi8Y=",
      "System.Text.Json.dll": "sha256-VJIQJEbXFdBEYSNMMGcIx8WxvCAra3WMhQG+Ycj9YcA=",
      "WebAssembly.Bindings.dll": "sha256-+3zl6G5Zx5cPitmg5YHXRYS1kJS2DWCxK9PV6O\/ez6w="
    },
    "pdb": null,
    "runtime": {
      "dotnet.3.2.0.js": "sha256-mPoqx7XczFHBWk3gRNn0hc9ekG1OvkKY4XiKRY5Mj5U=",
      "dotnet.timezones.dat": "sha256-3S0qzYaBEKOBXarzVLNzNAFXlwJr6nI3lFlYUpQTPH8=",
      "dotnet.wasm": "sha256-UC\/3Rm1NkdNdlIrzYARo+dO\/HDlS5mhPxo0IQv7kma8="
    },
    "satelliteResources": null
  }
}